time_mult,mem_div,n_through,e_through,time,batch_size
65536,10000,161.41871921182266,None,20.824,1
65536,1000000,161.41871921182266,None,21.178,1
8388608,10000,106.54365331368913,None,7202.508,1
8388608,1000000,106.54365331368913,None,7203.461,1
