time_mult,mem_div,n_through,e_through,time,batch_size
65536,10000,873.8133333333334,None,1.992,1
65536,1000000,873.8133333333334,None,1.991,1
8388608,10000,954.6612040514397,None,2.036,1
8388608,1000000,954.6612040514397,None,2.047,1
